name,visitors
United States,307
China,96
Taiwan,67
United Kingdom,65
Germany,54
Poland,43
Canada,37
India,32
Hong Kong,31
France,27
Singapore,21
Japan,20
Spain,19
Australia,18
Brazil,16
Vietnam,15
Austria,14
Netherlands,14
South Africa,13
Italy,11
Sweden,9
Peru,8
South Korea,7
Switzerland,7
Israel,6
Serbia,6
Denmark,5
Indonesia,5
Nigeria,5
Russian Federation,5
Thailand,5
Ukraine,5
Anonymous VPN Service,4
Belgium,4
Czechia,4
Ireland,4
Lithuania,4
Norway,4
Pakistan,4
Romania,4
Croatia,3
Montenegro,3
Portugal,3
Turkey,3
Bulgaria,2
Estonia,2
Kenya,2
Malaysia,2
New Zealand,2
Tajikistan,2
Albania,1
Angola,1
Argentina,1
Azerbaijan,1
Bangladesh,1
Belarus,1
Colombia,1
Cyprus,1
Ecuador,1
Ethiopia,1
Hungary,1
Kazakhstan,1
Mauritania,1
Moldova,1
Monaco,1
North Macedonia,1
Slovakia,1
Somalia,1
Syria,1
Tanzania,1
